1,Harsha,harsha@example.com,pass123
2,Varun,varun@example.com,pass456
3,Parth,parth@example.com,pass789
4,Aryan,aryan@example.com,pass789
5,Rohan,rohan@example.com,pass101
6,Ramon,ramon@example.com,pass102
7,Neel,neel@example.com,pass103
8,Aadithya,aadithya@example.com,pass104
9,Advait,advait@example.com,pass105
10,Emily,emily@example.com,pass106
11,Jordan,jordan@example.com,pass107
12,Taylor,taylor@example.com,pass108
13,Casey,casey@example.com,pass109
14,Alex,alex@example.com,pass110
15,Sam,sam@example.com,pass111
16,Chris,chris@example.com,pass112
17,Morgan,morgan@example.com,pass113
18,Jamie,jamie@example.com,pass114
19,Riya,riya@example.com,pass115
20,Ishan,ishan@example.com,pass116
21,Priya,priya@example.com,pass117
22,Ananya,ananya@example.com,pass118
23,Leo,leo@example.com,pass119
24,Mia,mia@example.com,pass120
